elevators_inst_mdp__01,6,6,374475,1488.207240205128,39,-72.68589743589743,original-elevators_inst_mdp__01=/127.0.0.1;original-elevators_inst_mdp__01=/127.0.0.1;original-elevators_inst_mdp__01=/127.0.0.1;original-elevators_inst_mdp__01=/127.0.0.1;original-elevators_inst_mdp__01=/127.0.0.1;original-elevators_inst_mdp__01=/127.0.0.1;,-57.0,5.681932100943921,32.284352399737,-66.5,-65.0,-79.0,-61.0,-66.0,-77.0,-77.0,-76.0,-74.0,-70.25,-69.0,-77.0,-79.0,-75.0,-71.0,-75.0,-74.0,-79.0,-77.0,-71.0,-76.0,-72.0,-67.0,-75.0,-68.25,-61.0,-79.0,-79.5,-74.75,-57.0,-72.0,-77.0,-79.0,-73.0,-78.0,-73.5,-70.0,-79.0,-65.0,
elevators_inst_mdp__01,6,6,371176,1519.3545302564105,39,-70.47435897435898,original-elevators_inst_mdp__01=/127.0.0.1;original-elevators_inst_mdp__01=/127.0.0.1;original-elevators_inst_mdp__01=/127.0.0.1;original-elevators_inst_mdp__01=/127.0.0.1;original-elevators_inst_mdp__01=/127.0.0.1;original-elevators_inst_mdp__01=/127.0.0.1;,-53.25,6.730573867738629,45.30062458908613,-77.75,-75.0,-75.0,-68.25,-78.5,-60.0,-70.0,-73.0,-75.25,-53.25,-70.0,-58.0,-72.25,-74.5,-75.0,-64.25,-66.0,-70.5,-72.5,-57.0,-72.0,-76.0,-67.0,-73.5,-74.0,-72.5,-78.0,-76.5,-79.5,-76.0,-70.0,-65.25,-58.0,-59.0,-77.0,-66.0,-69.25,-77.0,-76.0,
elevators_inst_mdp__02,6,6,373752,1598.9274075897436,39,-44.02564102564103,original-elevators_inst_mdp__02=/127.0.0.1;original-elevators_inst_mdp__02=/127.0.0.1;original-elevators_inst_mdp__02=/127.0.0.1;original-elevators_inst_mdp__02=/127.0.0.1;original-elevators_inst_mdp__02=/127.0.0.1;original-elevators_inst_mdp__02=/127.0.0.1;,-11.75,16.504835623176028,272.4095989480604,-48.25,-20.0,-43.5,-11.75,-30.0,-45.5,-51.5,-41.0,-18.75,-60.75,-47.75,-37.0,-64.0,-40.25,-45.0,-41.75,-38.5,-47.5,-71.0,-63.75,-21.25,-66.0,-61.0,-55.5,-13.75,-18.5,-52.0,-75.0,-52.25,-54.0,-29.0,-37.5,-49.25,-16.0,-47.5,-72.0,-45.0,-35.0,-49.0,
elevators_inst_mdp__03,6,6,372041,1682.3157905641028,39,-68.74358974358974,original-elevators_inst_mdp__03=/127.0.0.1;original-elevators_inst_mdp__03=/127.0.0.1;original-elevators_inst_mdp__03=/127.0.0.1;original-elevators_inst_mdp__03=/127.0.0.1;original-elevators_inst_mdp__03=/127.0.0.1;original-elevators_inst_mdp__03=/127.0.0.1;,-49.75,7.047114152826795,49.66181788297172,-68.25,-72.75,-67.75,-76.25,-70.0,-66.0,-66.5,-49.75,-72.25,-68.75,-69.0,-71.0,-73.75,-68.0,-70.75,-77.5,-76.0,-64.0,-75.5,-61.75,-53.75,-70.0,-73.0,-76.75,-78.0,-78.75,-64.75,-72.75,-68.5,-73.5,-74.5,-61.5,-62.0,-73.25,-76.25,-51.25,-60.0,-63.0,-64.0,
elevators_inst_mdp__04,6,6,364331,1774.1304127179487,39,-94.96794871794872,original-elevators_inst_mdp__04=/127.0.0.1;original-elevators_inst_mdp__04=/127.0.0.1;original-elevators_inst_mdp__04=/127.0.0.1;original-elevators_inst_mdp__04=/127.0.0.1;original-elevators_inst_mdp__04=/127.0.0.1;original-elevators_inst_mdp__04=/127.0.0.1;,-51.25,24.12203080487247,581.8723701512164,-64.5,-102.5,-71.5,-93.25,-57.0,-129.5,-54.0,-111.75,-107.75,-89.5,-106.0,-95.0,-74.25,-76.0,-70.75,-72.75,-112.25,-95.0,-97.75,-91.0,-87.75,-142.5,-120.0,-93.0,-130.0,-69.5,-72.25,-92.0,-125.75,-117.0,-63.0,-132.0,-81.5,-114.75,-101.0,-140.0,-111.5,-87.0,-51.25,
elevators_inst_mdp__05,6,6,371296,1599.2003253333332,39,-91.51923076923077,original-elevators_inst_mdp__05=/127.0.0.1;original-elevators_inst_mdp__05=/127.0.0.1;original-elevators_inst_mdp__05=/127.0.0.1;original-elevators_inst_mdp__05=/127.0.0.1;original-elevators_inst_mdp__05=/127.0.0.1;original-elevators_inst_mdp__05=/127.0.0.1;,-38.5,25.076062790025663,628.8089250493097,-135.5,-111.0,-99.5,-78.5,-101.0,-75.25,-107.0,-112.75,-91.75,-108.0,-114.25,-101.25,-80.75,-89.0,-122.25,-77.75,-122.75,-93.0,-114.25,-88.0,-76.5,-58.25,-91.25,-121.5,-88.75,-102.5,-95.75,-41.75,-54.0,-113.75,-38.5,-47.0,-117.0,-118.25,-77.75,-124.25,-62.25,-63.75,-53.0,
elevators_inst_mdp__06,6,6,370687,1616.7851165128207,39,-115.86538461538461,original-elevators_inst_mdp__06=/127.0.0.1;original-elevators_inst_mdp__06=/127.0.0.1;original-elevators_inst_mdp__06=/127.0.0.1;original-elevators_inst_mdp__06=/127.0.0.1;original-elevators_inst_mdp__06=/127.0.0.1;original-elevators_inst_mdp__06=/127.0.0.1;,-68.0,28.090675416673264,789.0860453648917,-190.5,-98.0,-94.5,-105.0,-95.0,-128.75,-88.0,-152.5,-97.0,-117.75,-138.25,-111.75,-170.75,-131.0,-186.0,-89.25,-98.75,-126.75,-101.0,-99.25,-89.25,-110.0,-112.0,-96.0,-145.75,-134.25,-118.75,-86.0,-118.5,-137.0,-109.5,-68.0,-145.75,-100.75,-86.0,-149.0,-112.5,-75.75,-104.25,
elevators_inst_mdp__07,6,6,361452,1678.0278576410253,39,-126.9551282051282,original-elevators_inst_mdp__07=/127.0.0.1;original-elevators_inst_mdp__07=/127.0.0.1;original-elevators_inst_mdp__07=/127.0.0.1;original-elevators_inst_mdp__07=/127.0.0.1;original-elevators_inst_mdp__07=/127.0.0.1;original-elevators_inst_mdp__07=/127.0.0.1;,-61.5,34.025578227291184,1157.739973701512,-98.75,-154.0,-112.5,-84.75,-129.5,-96.5,-133.5,-174.25,-77.0,-127.0,-203.75,-93.0,-144.25,-110.0,-193.0,-107.75,-120.25,-165.75,-61.5,-80.0,-96.75,-184.0,-152.25,-138.5,-115.25,-80.75,-105.0,-85.5,-131.0,-126.75,-147.5,-114.75,-169.25,-128.0,-115.75,-144.25,-178.75,-119.5,-150.75,
elevators_inst_mdp__08,6,6,369982,1583.5409218461539,39,-126.71794871794872,original-elevators_inst_mdp__08=/127.0.0.1;original-elevators_inst_mdp__08=/127.0.0.1;original-elevators_inst_mdp__08=/127.0.0.1;original-elevators_inst_mdp__08=/127.0.0.1;original-elevators_inst_mdp__08=/127.0.0.1;original-elevators_inst_mdp__08=/127.0.0.1;,-78.25,28.457130347016967,809.808267587114,-137.5,-161.75,-120.5,-182.0,-133.0,-113.5,-144.0,-88.0,-126.0,-111.5,-137.75,-126.0,-79.75,-101.75,-111.0,-96.5,-106.0,-103.25,-111.25,-190.25,-95.75,-147.0,-113.0,-119.5,-117.25,-131.0,-159.0,-99.25,-112.5,-150.0,-135.5,-112.0,-153.75,-92.0,-126.75,-165.0,-187.75,-165.5,-78.25,
elevators_inst_mdp__09,6,6,370190,1745.3774424615385,39,-164.44230769230768,original-elevators_inst_mdp__09=/127.0.0.1;original-elevators_inst_mdp__09=/127.0.0.1;original-elevators_inst_mdp__09=/127.0.0.1;original-elevators_inst_mdp__09=/127.0.0.1;original-elevators_inst_mdp__09=/127.0.0.1;original-elevators_inst_mdp__09=/127.0.0.1;,-113.5,27.80970486032072,773.379684418146,-198.5,-172.25,-178.25,-176.0,-172.75,-150.5,-189.75,-145.25,-142.0,-147.0,-166.25,-163.75,-174.75,-146.5,-169.0,-232.25,-123.25,-127.0,-153.25,-189.5,-176.75,-135.0,-177.0,-155.0,-141.5,-227.0,-166.0,-158.75,-163.25,-119.75,-113.5,-172.75,-156.75,-181.5,-200.75,-127.25,-222.5,-136.0,-164.5,
elevators_inst_mdp__10,6,6,351564,1535.8605870769231,39,-111.1025641025641,original-elevators_inst_mdp__10=/127.0.0.1;original-elevators_inst_mdp__10=/127.0.0.1;original-elevators_inst_mdp__10=/127.0.0.1;original-elevators_inst_mdp__10=/127.0.0.1;original-elevators_inst_mdp__10=/127.0.0.1;original-elevators_inst_mdp__10=/127.0.0.1;,-18.0,40.68569796705475,1655.3260190664032,-104.0,-97.75,-62.5,-142.75,-168.0,-144.5,-145.0,-130.25,-110.25,-117.5,-169.5,-142.0,-98.25,-120.5,-143.25,-18.0,-95.0,-161.0,-135.0,-107.0,-66.0,-101.75,-99.25,-105.0,-28.0,-144.25,-104.0,-81.0,-111.0,-123.75,-117.25,-88.0,-34.25,-48.25,-155.0,-60.25,-94.0,-155.0,-205.0,
skill_teaching_inst_mdp__1,6,6,363948,1346.756262153846,39,64.33899401282054,original-skill_teaching_inst_mdp__1=/127.0.0.1;original-skill_teaching_inst_mdp__1=/127.0.0.1;original-skill_teaching_inst_mdp__1=/127.0.0.1;original-skill_teaching_inst_mdp__1=/127.0.0.1;original-skill_teaching_inst_mdp__1=/127.0.0.1;original-skill_teaching_inst_mdp__1=/127.0.0.1;,82.02293620000005,12.486975103159226,155.92454722691835,60.82199260000002,79.44016020000004,74.61528160000003,58.125658800000004,55.08865160000002,74.61528160000003,71.13856990000004,66.08657570000003,78.26233000000003,79.44016020000004,76.13378520000003,81.90937840000004,82.02293620000005,72.25962120000003,65.30619780000002,70.13107640000001,54.97509380000001,50.88834090000001,65.97301790000003,46.57447240000001,79.66727580000004,72.54351570000003,49.369837300000015,81.79582060000004,57.784985400000025,56.380039600000025,59.97030910000002,62.26919060000003,78.48944560000004,73.77812480000003,64.12836760000002,55.202209400000015,52.00939220000002,64.73840880000003,36.8111574,57.67142760000003,58.12565880000002,54.478610400000015,30.198407400000008,
skill_teaching_inst_mdp__2,6,6,364166,1381.5261025641023,39,77.15520360512822,original-skill_teaching_inst_mdp__2=/127.0.0.1;original-skill_teaching_inst_mdp__2=/127.0.0.1;original-skill_teaching_inst_mdp__2=/127.0.0.1;original-skill_teaching_inst_mdp__2=/127.0.0.1;original-skill_teaching_inst_mdp__2=/127.0.0.1;original-skill_teaching_inst_mdp__2=/127.0.0.1;,97.50420900000009,14.319967385544173,205.06146592304881,83.19883140000005,91.77362680000007,87.35976170000006,53.35567070000002,68.7880643,74.58188020000003,83.24098720000006,46.013280800000004,64.75360140000001,88.84510200000005,94.61784000000009,88.92941360000006,80.31246240000004,88.84510200000005,51.78601880000001,94.53352840000008,87.46515120000007,77.59471660000003,71.73766700000002,60.40297000000001,77.46824920000003,85.95873300000005,97.50420900000009,81.86103640000005,44.717641600000015,93.09034390000008,88.92941360000006,77.42609340000004,77.51040500000002,64.50066660000002,88.88725780000007,60.52943740000002,87.50730700000005,78.97466740000004,91.77362680000007,70.39987200000002,51.786018800000015,86.08520040000005,66.0070848,
skill_teaching_inst_mdp__3,6,6,366688,1424.9632299487178,39,24.677929158974365,original-skill_teaching_inst_mdp__3=/127.0.0.1;original-skill_teaching_inst_mdp__3=/127.0.0.1;original-skill_teaching_inst_mdp__3=/127.0.0.1;original-skill_teaching_inst_mdp__3=/127.0.0.1;original-skill_teaching_inst_mdp__3=/127.0.0.1;original-skill_teaching_inst_mdp__3=/127.0.0.1;,162.80930000000004,80.04062197638797,6406.50116636704,14.459777600000013,-81.3929792000001,-79.9266226,-181.56109520000007,162.80930000000004,49.74450080000001,-43.19154019999998,-158.77311120000002,19.907310999999986,-8.221823400000044,51.354274599999975,59.8077006,123.74514980000004,86.54907900000003,-16.560608000000023,32.01162320000003,-15.200865600000022,108.48449200000002,75.84815700000001,-15.23314919999997,44.1807094,56.75128139999999,-79.802671,97.26553080000002,-81.52194220000001,76.19693620000002,8.361482800000005,145.59781240000004,-3.2782000000000373,-43.77009920000003,106.585353,52.66255740000004,11.754658399999997,52.15005479999999,-27.983737399999995,127.01198560000002,-14.623181200000012,141.19737300000003,109.04376199999996,
skill_teaching_inst_mdp__4,6,6,366733,1367.8661442051284,39,34.131874389743594,original-skill_teaching_inst_mdp__4=/127.0.0.1;original-skill_teaching_inst_mdp__4=/127.0.0.1;original-skill_teaching_inst_mdp__4=/127.0.0.1;original-skill_teaching_inst_mdp__4=/127.0.0.1;original-skill_teaching_inst_mdp__4=/127.0.0.1;original-skill_teaching_inst_mdp__4=/127.0.0.1;,179.96780660000002,81.18862040020674,6591.592082488866,55.42264020000001,16.520549800000033,-65.17454440000003,-116.68791519999999,117.19598939999995,20.500635799999984,63.3855366,-43.131057600000005,124.91785059999997,27.206526000000025,77.7476308,31.692749399999997,78.67434120000001,133.8090394,-52.686238000000024,18.337860000000028,-28.288175000000045,-41.87951399999997,5.007923200000057,45.743332800000054,101.86031259999996,-51.54439440000002,124.82697019999996,-167.53571239999985,126.18901839999995,-155.60220960000015,-31.34991179999999,20.121548000000026,103.65830179999998,26.39355660000004,125.27707279999996,179.96780660000002,103.55585839999998,71.41458840000004,96.97857900000002,-31.14006379999998,103.95072759999995,10.190106000000043,105.61578579999998,
skill_teaching_inst_mdp__5,6,6,371462,1443.7265454358974,39,-83.48954022564102,original-skill_teaching_inst_mdp__5=/127.0.0.1;original-skill_teaching_inst_mdp__5=/127.0.0.1;original-skill_teaching_inst_mdp__5=/127.0.0.1;original-skill_teaching_inst_mdp__5=/127.0.0.1;original-skill_teaching_inst_mdp__5=/127.0.0.1;original-skill_teaching_inst_mdp__5=/127.0.0.1;,135.98815660000005,108.84553949324196,11847.351467574896,135.98815660000005,5.517400600000073,131.55068179999998,13.04104019999999,-77.33316420000006,78.57124700000001,-212.7663996,-46.43882360000005,1.724615399999962,-140.7932942,-35.01961080000003,-125.13119379999988,26.103402000000006,-140.61350339999993,43.05026039999997,-266.2276315999999,-48.613674599999996,-263.0709956000002,-85.67430039999999,-39.70721080000001,-311.7719387999999,-95.57237460000002,-135.00078799999997,-136.39493599999997,-173.21752559999996,-38.976833799999994,-190.83972440000002,68.89258380000004,-99.27625139999992,-186.7153316,-120.19567459999993,-5.483274200000039,40.79755059999996,-242.26082639999996,-62.35112299999997,-9.64610639999999,-168.5848809999999,-148.55477820000002,-195.09683660000013,
tamarisk_inst_mdp__1,6,6,373825,1353.0257483076928,39,-399.0953846153848,original-tamarisk_inst_mdp__1=/127.0.0.1;original-tamarisk_inst_mdp__1=/127.0.0.1;original-tamarisk_inst_mdp__1=/127.0.0.1;original-tamarisk_inst_mdp__1=/127.0.0.1;original-tamarisk_inst_mdp__1=/127.0.0.1;original-tamarisk_inst_mdp__1=/127.0.0.1;,-115.10999999999997,184.1471292179464,33910.16519921105,-130.82,-661.83,-549.7800000000001,-226.5500000000002,-728.4400000000002,-337.29999999999995,-414.83000000000004,-159.84000000000012,-167.96000000000018,-355.36000000000007,-374.8700000000002,-150.60000000000008,-539.5900000000001,-569.9300000000002,-358.4800000000002,-345.7900000000001,-590.3900000000002,-174.38000000000008,-309.9000000000001,-633.6900000000002,-703.34,-404.1200000000001,-434.01000000000005,-155.63000000000017,-353.2200000000001,-327.4000000000001,-632.48,-524.34,-115.10999999999997,-526.3199999999998,-779.2400000000001,-304.12000000000023,-483.0900000000001,-304.77000000000015,-262.1700000000002,-185.82000000000008,-543.12,-207.31000000000017,-538.7800000000001,
tamarisk_inst_mdp__2,6,6,399340,1536.6599903589745,39,-896.6746153846153,original-tamarisk_inst_mdp__2=/127.0.0.1;original-tamarisk_inst_mdp__2=/127.0.0.1;original-tamarisk_inst_mdp__2=/127.0.0.1;original-tamarisk_inst_mdp__2=/127.0.0.1;original-tamarisk_inst_mdp__2=/127.0.0.1;original-tamarisk_inst_mdp__2=/127.0.0.1;,-819.2100000000002,41.32132465212017,1707.4518710059137,-978.92,-912.5799999999999,-842.99,-864.02,-830.0100000000002,-838.3900000000001,-907.8200000000002,-912.0,-836.62,-910.66,-919.0200000000001,-940.1,-927.53,-825.22,-910.5600000000002,-910.38,-860.87,-918.5500000000001,-899.8600000000002,-891.5500000000001,-938.6700000000001,-919.9300000000001,-953.5,-871.78,-928.5,-928.8099999999998,-951.8400000000001,-821.9700000000003,-913.7900000000001,-849.2800000000001,-914.32,-957.2299999999998,-923.07,-819.2100000000002,-884.4000000000002,-866.6100000000002,-920.5200000000001,-907.5300000000001,-861.7,
tamarisk_inst_mdp__3,6,6,396795,1511.6366732307695,39,-687.5164102564103,original-tamarisk_inst_mdp__3=/127.0.0.1;original-tamarisk_inst_mdp__3=/127.0.0.1;original-tamarisk_inst_mdp__3=/127.0.0.1;original-tamarisk_inst_mdp__3=/127.0.0.1;original-tamarisk_inst_mdp__3=/127.0.0.1;original-tamarisk_inst_mdp__3=/127.0.0.1;,-220.20000000000024,213.8053640339218,45712.73368967782,-513.45,-704.6800000000001,-792.19,-893.7499999999999,-907.36,-663.0500000000001,-614.3600000000001,-660.4599999999998,-537.2,-640.8300000000002,-849.96,-365.25000000000006,-750.48,-974.09,-770.64,-971.3200000000002,-702.8299999999999,-603.2700000000001,-948.9799999999999,-820.4200000000001,-262.9100000000001,-264.90000000000015,-1013.88,-772.28,-798.2400000000001,-220.20000000000024,-514.6000000000001,-764.97,-679.2,-790.9499999999999,-418.28000000000003,-421.7200000000001,-975.0600000000001,-659.85,-513.9200000000001,-398.27000000000015,-794.4200000000001,-938.4299999999998,-926.4899999999998,
tamarisk_inst_mdp__4,6,6,435679,1622.2289015384615,39,-1147.2510256410258,original-tamarisk_inst_mdp__4=/127.0.0.1;original-tamarisk_inst_mdp__4=/127.0.0.1;original-tamarisk_inst_mdp__4=/127.0.0.1;original-tamarisk_inst_mdp__4=/127.0.0.1;original-tamarisk_inst_mdp__4=/127.0.0.1;original-tamarisk_inst_mdp__4=/127.0.0.1;,-1041.0199999999998,45.556787149208866,2075.420855358322,-1119.8400000000001,-1125.48,-1163.43,-1171.51,-1202.8799999999999,-1181.68,-1180.21,-1103.7299999999996,-1122.78,-1169.2399999999998,-1153.1,-1148.8999999999999,-1192.41,-1195.9900000000002,-1068.15,-1074.33,-1144.57,-1205.17,-1170.0400000000002,-1059.52,-1079.11,-1077.9899999999998,-1190.5200000000002,-1171.01,-1185.77,-1139.83,-1106.4099999999999,-1208.5700000000002,-1118.4600000000003,-1099.35,-1159.51,-1192.1499999999999,-1041.0199999999998,-1184.55,-1201.6200000000001,-1127.4199999999998,-1194.22,-1170.22,-1142.1,
tamarisk_inst_mdp__5,6,6,430912,1560.8765995897431,39,-1233.852307692308,original-tamarisk_inst_mdp__5=/127.0.0.1;original-tamarisk_inst_mdp__5=/127.0.0.1;original-tamarisk_inst_mdp__5=/127.0.0.1;original-tamarisk_inst_mdp__5=/127.0.0.1;original-tamarisk_inst_mdp__5=/127.0.0.1;original-tamarisk_inst_mdp__5=/127.0.0.1;,-911.3599999999999,82.43038590420157,6794.7685203155925,-911.3599999999999,-1173.3000000000002,-1283.15,-1294.93,-1280.8600000000001,-1282.2600000000002,-1200.95,-1301.7400000000002,-1026.1699999999998,-1249.8100000000004,-1311.18,-1221.3000000000002,-1361.2500000000002,-1307.7100000000003,-1307.4300000000003,-1174.6200000000001,-1246.15,-1283.65,-1275.0600000000002,-1175.5,-1305.45,-1234.0800000000004,-1183.2900000000002,-1131.86,-1212.28,-1158.13,-1207.72,-1246.1200000000001,-1281.1400000000003,-1260.2800000000002,-1269.35,-1179.6000000000001,-1314.3600000000001,-1262.6699999999998,-1262.98,-1310.8900000000006,-1257.1100000000001,-1217.4999999999998,-1157.0500000000002,
traffic_inst_mdp__01,6,6,373378,1366.642081641026,39,-9.128205128205128,original-traffic_inst_mdp__01=/127.0.0.1;original-traffic_inst_mdp__01=/127.0.0.1;original-traffic_inst_mdp__01=/127.0.0.1;original-traffic_inst_mdp__01=/127.0.0.1;original-traffic_inst_mdp__01=/127.0.0.1;original-traffic_inst_mdp__01=/127.0.0.1;,-1.0,5.38363849502378,28.983563445101908,-8.0,-16.0,-27.0,-12.0,-15.0,-8.0,-6.0,-5.0,-8.0,-8.0,-17.0,-11.0,-8.0,-3.0,-23.0,-12.0,-11.0,-11.0,-11.0,-8.0,-6.0,-14.0,-3.0,-8.0,-9.0,-12.0,-5.0,-7.0,-12.0,-8.0,-2.0,-4.0,-5.0,-11.0,-1.0,-1.0,-7.0,-9.0,-4.0,
traffic_inst_mdp__02,6,6,373167,1389.0616276923076,39,-29.76923076923077,original-traffic_inst_mdp__02=/127.0.0.1;original-traffic_inst_mdp__02=/127.0.0.1;original-traffic_inst_mdp__02=/127.0.0.1;original-traffic_inst_mdp__02=/127.0.0.1;original-traffic_inst_mdp__02=/127.0.0.1;original-traffic_inst_mdp__02=/127.0.0.1;,-12.0,9.65152183685342,93.1518737672584,-48.0,-29.0,-32.0,-21.0,-29.0,-29.0,-34.0,-34.0,-15.0,-33.0,-18.0,-18.0,-15.0,-17.0,-28.0,-45.0,-34.0,-39.0,-35.0,-33.0,-12.0,-52.0,-27.0,-34.0,-26.0,-33.0,-41.0,-27.0,-19.0,-39.0,-41.0,-32.0,-19.0,-22.0,-19.0,-31.0,-31.0,-24.0,-46.0,
traffic_inst_mdp__03,6,6,387769,1721.8368461538466,39,-46.333333333333336,original-traffic_inst_mdp__03=/127.0.0.1;original-traffic_inst_mdp__03=/127.0.0.1;original-traffic_inst_mdp__03=/127.0.0.1;original-traffic_inst_mdp__03=/127.0.0.1;original-traffic_inst_mdp__03=/127.0.0.1;original-traffic_inst_mdp__03=/127.0.0.1;,-11.0,22.265683994898602,495.7606837606837,-35.0,-76.0,-56.0,-52.0,-36.0,-66.0,-11.0,-38.0,-23.0,-38.0,-25.0,-22.0,-55.0,-101.0,-30.0,-20.0,-36.0,-71.0,-109.0,-43.0,-43.0,-44.0,-20.0,-61.0,-46.0,-30.0,-39.0,-50.0,-36.0,-44.0,-36.0,-92.0,-26.0,-67.0,-37.0,-65.0,-34.0,-24.0,-70.0,
traffic_inst_mdp__04,6,6,386476,2173.3860369230774,39,-103.56410256410257,original-traffic_inst_mdp__04=/127.0.0.1;original-traffic_inst_mdp__04=/127.0.0.1;original-traffic_inst_mdp__04=/127.0.0.1;original-traffic_inst_mdp__04=/127.0.0.1;original-traffic_inst_mdp__04=/127.0.0.1;original-traffic_inst_mdp__04=/127.0.0.1;,-61.0,25.81372609608771,666.3484549638396,-108.0,-62.0,-98.0,-66.0,-134.0,-106.0,-64.0,-137.0,-86.0,-61.0,-87.0,-95.0,-64.0,-103.0,-90.0,-140.0,-88.0,-121.0,-106.0,-78.0,-107.0,-152.0,-128.0,-128.0,-142.0,-107.0,-79.0,-77.0,-114.0,-123.0,-85.0,-112.0,-91.0,-116.0,-86.0,-166.0,-93.0,-115.0,-124.0,
traffic_inst_mdp__05,6,6,409249,2045.0927606153848,39,-98.82051282051282,original-traffic_inst_mdp__05=/127.0.0.1;original-traffic_inst_mdp__05=/127.0.0.1;original-traffic_inst_mdp__05=/127.0.0.1;original-traffic_inst_mdp__05=/127.0.0.1;original-traffic_inst_mdp__05=/127.0.0.1;original-traffic_inst_mdp__05=/127.0.0.1;,-38.0,29.19156164941997,852.1472715318869,-73.0,-73.0,-75.0,-144.0,-86.0,-84.0,-99.0,-73.0,-114.0,-38.0,-58.0,-67.0,-68.0,-104.0,-132.0,-127.0,-84.0,-135.0,-81.0,-81.0,-131.0,-96.0,-156.0,-76.0,-83.0,-101.0,-126.0,-133.0,-67.0,-85.0,-162.0,-125.0,-102.0,-71.0,-126.0,-119.0,-73.0,-132.0,-94.0,
traffic_inst_mdp__06,6,6,408752,1844.4086750769231,39,-136.0,original-traffic_inst_mdp__06=/127.0.0.1;original-traffic_inst_mdp__06=/127.0.0.1;original-traffic_inst_mdp__06=/127.0.0.1;original-traffic_inst_mdp__06=/127.0.0.1;original-traffic_inst_mdp__06=/127.0.0.1;original-traffic_inst_mdp__06=/127.0.0.1;,-75.0,34.960050460563245,1222.2051282051282,-150.0,-142.0,-75.0,-177.0,-174.0,-84.0,-124.0,-117.0,-95.0,-172.0,-111.0,-208.0,-163.0,-102.0,-166.0,-163.0,-127.0,-189.0,-106.0,-130.0,-169.0,-147.0,-96.0,-89.0,-136.0,-129.0,-122.0,-128.0,-139.0,-199.0,-126.0,-101.0,-110.0,-108.0,-102.0,-182.0,-127.0,-208.0,-111.0,
academic-advising_inst_mdp__01,6,6,205716,2517.578868307692,39,-94.74358974358974,original-academic-advising_inst_mdp__01=/127.0.0.1;original-academic-advising_inst_mdp__01=/127.0.0.1;original-academic-advising_inst_mdp__01=/127.0.0.1;original-academic-advising_inst_mdp__01=/127.0.0.1;original-academic-advising_inst_mdp__01=/127.0.0.1;original-academic-advising_inst_mdp__01=/127.0.0.1;,-60.0,9.93238151192131,98.65220249835625,-100.0,-100.0,-100.0,-90.0,-100.0,-100.0,-100.0,-90.0,-100.0,-100.0,-60.0,-100.0,-100.0,-75.0,-100.0,-85.0,-100.0,-100.0,-80.0,-100.0,-100.0,-90.0,-100.0,-100.0,-100.0,-95.0,-70.0,-100.0,-100.0,-100.0,-100.0,-100.0,-100.0,-75.0,-85.0,-100.0,-100.0,-100.0,-100.0,
academic-advising_inst_mdp__02,6,6,206053,1290.4573778461538,39,-74.61538461538461,original-academic-advising_inst_mdp__02=/127.0.0.1;original-academic-advising_inst_mdp__02=/127.0.0.1;original-academic-advising_inst_mdp__02=/127.0.0.1;original-academic-advising_inst_mdp__02=/127.0.0.1;original-academic-advising_inst_mdp__02=/127.0.0.1;original-academic-advising_inst_mdp__02=/127.0.0.1;,-35.0,17.260619747936058,297.9289940828402,-45.0,-70.0,-35.0,-50.0,-70.0,-70.0,-50.0,-80.0,-65.0,-90.0,-100.0,-75.0,-55.0,-65.0,-95.0,-100.0,-65.0,-100.0,-60.0,-100.0,-65.0,-85.0,-65.0,-70.0,-90.0,-100.0,-90.0,-75.0,-85.0,-95.0,-60.0,-80.0,-70.0,-60.0,-60.0,-60.0,-70.0,-90.0,-100.0,
academic-advising_inst_mdp__03,6,6,206683,1307.3892242051284,39,-99.23076923076923,original-academic-advising_inst_mdp__03=/127.0.0.1;original-academic-advising_inst_mdp__03=/127.0.0.1;original-academic-advising_inst_mdp__03=/127.0.0.1;original-academic-advising_inst_mdp__03=/127.0.0.1;original-academic-advising_inst_mdp__03=/127.0.0.1;original-academic-advising_inst_mdp__03=/127.0.0.1;,-75.0,4.009357890028688,16.074950690335292,-100.0,-100.0,-100.0,-100.0,-100.0,-100.0,-100.0,-100.0,-100.0,-100.0,-100.0,-100.0,-100.0,-100.0,-100.0,-100.0,-100.0,-100.0,-95.0,-100.0,-100.0,-100.0,-100.0,-75.0,-100.0,-100.0,-100.0,-100.0,-100.0,-100.0,-100.0,-100.0,-100.0,-100.0,-100.0,-100.0,-100.0,-100.0,-100.0,
academic-advising_inst_mdp__04,6,6,207822,1361.8901468717945,39,-102.23076923076923,original-academic-advising_inst_mdp__04=/127.0.0.1;original-academic-advising_inst_mdp__04=/127.0.0.1;original-academic-advising_inst_mdp__04=/127.0.0.1;original-academic-advising_inst_mdp__04=/127.0.0.1;original-academic-advising_inst_mdp__04=/127.0.0.1;original-academic-advising_inst_mdp__04=/127.0.0.1;,-58.0,7.570054155757707,57.30571992110453,-105.0,-105.0,-104.0,-103.0,-103.0,-58.0,-106.0,-104.0,-104.0,-104.0,-104.0,-105.0,-94.0,-103.0,-99.0,-106.0,-103.0,-103.0,-107.0,-104.0,-107.0,-104.0,-103.0,-103.0,-102.0,-104.0,-105.0,-101.0,-103.0,-106.0,-105.0,-104.0,-104.0,-101.0,-97.0,-104.0,-103.0,-104.0,-103.0,
academic-advising_inst_mdp__05,6,6,207839,1413.486008410256,39,-149.97435897435898,original-academic-advising_inst_mdp__05=/127.0.0.1;original-academic-advising_inst_mdp__05=/127.0.0.1;original-academic-advising_inst_mdp__05=/127.0.0.1;original-academic-advising_inst_mdp__05=/127.0.0.1;original-academic-advising_inst_mdp__05=/127.0.0.1;original-academic-advising_inst_mdp__05=/127.0.0.1;,-99.0,11.831048200060849,139.97370151216305,-148.0,-157.0,-155.0,-126.0,-99.0,-158.0,-158.0,-131.0,-157.0,-153.0,-156.0,-154.0,-156.0,-155.0,-154.0,-134.0,-157.0,-154.0,-140.0,-152.0,-144.0,-158.0,-150.0,-155.0,-159.0,-156.0,-157.0,-156.0,-135.0,-159.0,-153.0,-155.0,-150.0,-135.0,-154.0,-157.0,-157.0,-146.0,-159.0,
academic-advising_inst_mdp__06,6,6,290739,1888.8849780512821,39,-149.87179487179486,original-academic-advising_inst_mdp__06=/127.0.0.1;original-academic-advising_inst_mdp__06=/127.0.0.1;original-academic-advising_inst_mdp__06=/127.0.0.1;original-academic-advising_inst_mdp__06=/127.0.0.1;original-academic-advising_inst_mdp__06=/127.0.0.1;original-academic-advising_inst_mdp__06=/127.0.0.1;,-145.0,0.7903094875601252,0.6245890861275477,-150.0,-150.0,-150.0,-150.0,-150.0,-150.0,-150.0,-150.0,-150.0,-150.0,-150.0,-150.0,-150.0,-150.0,-150.0,-150.0,-150.0,-150.0,-150.0,-150.0,-150.0,-150.0,-150.0,-145.0,-150.0,-150.0,-150.0,-150.0,-150.0,-150.0,-150.0,-150.0,-150.0,-150.0,-150.0,-150.0,-150.0,-150.0,-150.0,
academic-advising_inst_mdp__07,6,6,293900,1917.5981351794871,39,-208.28205128205127,original-academic-advising_inst_mdp__07=/127.0.0.1;original-academic-advising_inst_mdp__07=/127.0.0.1;original-academic-advising_inst_mdp__07=/127.0.0.1;original-academic-advising_inst_mdp__07=/127.0.0.1;original-academic-advising_inst_mdp__07=/127.0.0.1;original-academic-advising_inst_mdp__07=/127.0.0.1;,-182.0,6.033873263623685,36.40762656147274,-210.0,-210.0,-210.0,-210.0,-210.0,-209.0,-210.0,-210.0,-210.0,-210.0,-210.0,-210.0,-210.0,-210.0,-210.0,-210.0,-210.0,-210.0,-210.0,-208.0,-210.0,-210.0,-210.0,-185.0,-210.0,-182.0,-210.0,-210.0,-199.0,-210.0,-210.0,-210.0,-210.0,-210.0,-210.0,-210.0,-210.0,-210.0,-210.0,
cooperative-recon_inst_mdp__01,6,6,302359,1406.5622420512818,39,0.7192307692307693,original-cooperative-recon_inst_mdp__01=/127.0.0.1;original-cooperative-recon_inst_mdp__01=/127.0.0.1;original-cooperative-recon_inst_mdp__01=/127.0.0.1;original-cooperative-recon_inst_mdp__01=/127.0.0.1;original-cooperative-recon_inst_mdp__01=/127.0.0.1;original-cooperative-recon_inst_mdp__01=/127.0.0.1;,11.63,2.531294778258327,6.407453254437873,0.0,0.0,0.0,0.0,0.0,0.0,0.0,0.0,0.0,0.0,0.0,0.0,0.0,0.0,8.21,0.0,11.63,0.0,0.0,0.0,0.0,0.0,0.0,0.0,0.0,0.0,0.0,0.0,0.0,0.0,0.0,0.0,0.0,0.0,0.0,0.0,8.21,0.0,0.0,
cooperative-recon_inst_mdp__02,6,6,305254,1424.669683487179,39,0.27025641025641023,original-cooperative-recon_inst_mdp__02=/127.0.0.1;original-cooperative-recon_inst_mdp__02=/127.0.0.1;original-cooperative-recon_inst_mdp__02=/127.0.0.1;original-cooperative-recon_inst_mdp__02=/127.0.0.1;original-cooperative-recon_inst_mdp__02=/127.0.0.1;original-cooperative-recon_inst_mdp__02=/127.0.0.1;,3.3,0.8484540607647175,0.7198742932281389,0.0,0.0,0.0,0.0,0.0,0.0,0.0,0.0,0.0,0.0,0.5,0.0,0.0,3.3,0.0,0.0,0.0,0.0,0.5,0.0,0.0,0.0,0.0,2.94,0.0,0.0,0.0,0.0,0.0,0.0,3.3,0.0,0.0,0.0,0.0,0.0,0.0,0.0,0.0,
cooperative-recon_inst_mdp__03,6,6,304491,1391.5024867692305,39,0.26794871794871794,original-cooperative-recon_inst_mdp__03=/127.0.0.1;original-cooperative-recon_inst_mdp__03=/127.0.0.1;original-cooperative-recon_inst_mdp__03=/127.0.0.1;original-cooperative-recon_inst_mdp__03=/127.0.0.1;original-cooperative-recon_inst_mdp__03=/127.0.0.1;original-cooperative-recon_inst_mdp__03=/127.0.0.1;,6.05,1.1071357813727238,1.225749638395792,0.0,0.0,0.0,0.0,0.0,0.0,0.0,0.0,0.0,0.0,0.0,0.0,0.0,0.0,0.0,0.0,0.0,0.0,0.0,0.0,0.0,3.67,0.0,0.0,0.0,0.0,0.0,0.73,0.0,0.0,0.0,0.0,0.0,6.05,0.0,0.0,0.0,0.0,0.0,
manufacturer_inst_mdp__01,6,6,752559,1998.4717641025643,39,-93.37308461538464,original-manufacturer_inst_mdp__01=/127.0.0.1;original-manufacturer_inst_mdp__01=/127.0.0.1;original-manufacturer_inst_mdp__01=/127.0.0.1;original-manufacturer_inst_mdp__01=/127.0.0.1;original-manufacturer_inst_mdp__01=/127.0.0.1;original-manufacturer_inst_mdp__01=/127.0.0.1;,17.010000000000012,50.41635690214417,2541.8090432843806,-133.02000000000004,-173.61000000000004,-124.65000000000003,-108.9,-207.63000000000008,-43.2,-73.89,-77.49000000000004,-50.94000000000001,-116.28000000000004,-41.580000000000005,-141.12000000000003,-125.37000000000003,-32.760000000000005,-75.60089999999997,-50.850000000000016,-115.47000000000003,-141.12000000000003,-157.77000000000007,-100.35000000000002,-16.65,-107.19000000000003,-107.10000000000002,-81.99000000000002,-16.019999999999985,-49.50000000000001,-108.72000000000003,-104.99940000000001,-124.20000000000005,-173.88000000000002,-109.62000000000005,-24.660000000000007,-90.99000000000002,-116.01000000000002,-24.660000000000004,17.010000000000012,-67.14,-175.68000000000006,-67.95,
manufacturer_inst_mdp__02,6,6,1009731,2317.6143433333327,36,-153.79640277777779,original-manufacturer_inst_mdp__02=/127.0.0.1;original-manufacturer_inst_mdp__02=/127.0.0.1;original-manufacturer_inst_mdp__02=/127.0.0.1;original-manufacturer_inst_mdp__02=/127.0.0.1;original-manufacturer_inst_mdp__02=/127.0.0.1;original-manufacturer_inst_mdp__02=/127.0.0.1;,112.50250000000001,131.35243371602405,17253.46184312249,-41.665499999999994,-101.667,-76.6645,9.168000000000006,-254.168,-257.5005,-262.5,-184.16950000000003,-260.0005,-352.5005,-302.5,37.49749999999999,112.50250000000001,-177.5,-107.49649999999998,-96.6675,-246.66899999999998,-297.501,-380.001,54.165499999999994,-75.83550000000002,-21.667,-148.33249999999998,-375.8345,-55.00049999999999,-63.329499999999996,-254.16299999999995,-158.33249999999998,-78.33500000000001,-185.001,-203.3345,-79.999,-171.66750000000002,-434.1705,-45.83049999999997,0.0,
manufacturer_inst_mdp__03,6,6,1000203,1965.910378074074,27,-28.29601111111111,original-manufacturer_inst_mdp__03=/127.0.0.1;original-manufacturer_inst_mdp__03=/127.0.0.1;original-manufacturer_inst_mdp__03=/127.0.0.1;original-manufacturer_inst_mdp__03=/127.0.0.1;original-manufacturer_inst_mdp__03=/127.0.0.1;original-manufacturer_inst_mdp__03=/127.0.0.1;,106.5005,66.97098240615985,4485.112484446172,25.5,48.5,-129.8326,-22.5,106.5005,-87.4995,-90.0,0.5010000000000048,-112.5,-90.0,43.0005,19.1684,-107.499,-29.5,28.000500000000002,-176.6679,40.5,47.1679,-70.0005,-72.5005,22.5,0.0,-51.8326,12.501000000000005,-52.5,20.500500000000002,-85.5,
red-finned-blue-eye_inst_mdp__01,6,6,317120,1762.3627926153852,39,-2591.2820512820513,original-red-finned-blue-eye_inst_mdp__01=/127.0.0.1;original-red-finned-blue-eye_inst_mdp__01=/127.0.0.1;original-red-finned-blue-eye_inst_mdp__01=/127.0.0.1;original-red-finned-blue-eye_inst_mdp__01=/127.0.0.1;original-red-finned-blue-eye_inst_mdp__01=/127.0.0.1;original-red-finned-blue-eye_inst_mdp__01=/127.0.0.1;,5290.0,4093.901768445091,1.6760031689677844E7,3320.0,-6600.0,-5970.0,3050.0,2300.0,2720.0,3730.0,-5280.0,3360.0,2760.0,-3320.0,-2680.0,-5190.0,-5220.0,-6570.0,5290.0,-5760.0,-6360.0,3920.0,-4620.0,-4980.0,-5610.0,-6420.0,-3990.0,-6120.0,1030.0,4850.0,-4410.0,-5790.0,-6330.0,-6480.0,-6210.0,-4010.0,-5620.0,-5280.0,-4080.0,3690.0,-4550.0,-3630.0,
red-finned-blue-eye_inst_mdp__02,6,6,336387,1876.536928205128,39,1317.4358974358975,original-red-finned-blue-eye_inst_mdp__02=/127.0.0.1;original-red-finned-blue-eye_inst_mdp__02=/127.0.0.1;original-red-finned-blue-eye_inst_mdp__02=/127.0.0.1;original-red-finned-blue-eye_inst_mdp__02=/127.0.0.1;original-red-finned-blue-eye_inst_mdp__02=/127.0.0.1;original-red-finned-blue-eye_inst_mdp__02=/127.0.0.1;,3010.0,542.1217478395464,293895.98948060477,2240.0,1010.0,1430.0,3010.0,990.0,920.0,1060.0,1160.0,1750.0,990.0,1400.0,2390.0,1100.0,1020.0,1170.0,950.0,780.0,750.0,1170.0,1060.0,990.0,1960.0,1950.0,1210.0,2560.0,870.0,1170.0,1240.0,2370.0,920.0,1290.0,960.0,1070.0,1460.0,910.0,920.0,990.0,840.0,1350.0,
red-finned-blue-eye_inst_mdp__03,6,6,379812,1891.6985442051284,39,-5092.5641025641025,original-red-finned-blue-eye_inst_mdp__03=/127.0.0.1;original-red-finned-blue-eye_inst_mdp__03=/127.0.0.1;original-red-finned-blue-eye_inst_mdp__03=/127.0.0.1;original-red-finned-blue-eye_inst_mdp__03=/127.0.0.1;original-red-finned-blue-eye_inst_mdp__03=/127.0.0.1;original-red-finned-blue-eye_inst_mdp__03=/127.0.0.1;,3890.0,2820.459789711252,7954993.425378041,-6530.0,-6560.0,-6320.0,-5470.0,-6160.0,-6680.0,-6470.0,1350.0,3890.0,-6620.0,-6020.0,-3610.0,-6410.0,-6590.0,-6560.0,-6120.0,-5530.0,-5500.0,-6310.0,-6590.0,-6440.0,1640.0,-5840.0,1320.0,-5400.0,-5990.0,-6560.0,-6680.0,-6500.0,-6490.0,-6980.0,-6620.0,-4570.0,-5620.0,1930.0,-6150.0,-5800.0,-6800.0,-6250.0,
red-finned-blue-eye_inst_mdp__04,6,6,322251,1873.7681025641027,39,-3434.358974358974,original-red-finned-blue-eye_inst_mdp__04=/127.0.0.1;original-red-finned-blue-eye_inst_mdp__04=/127.0.0.1;original-red-finned-blue-eye_inst_mdp__04=/127.0.0.1;original-red-finned-blue-eye_inst_mdp__04=/127.0.0.1;original-red-finned-blue-eye_inst_mdp__04=/127.0.0.1;original-red-finned-blue-eye_inst_mdp__04=/127.0.0.1;,3440.0,3655.4503001379235,1.3362316896778435E7,3290.0,-6220.0,-5570.0,-4850.0,-6530.0,-3480.0,1300.0,-5770.0,-5370.0,-6690.0,3440.0,-6810.0,-5080.0,1560.0,-5680.0,-4350.0,-4860.0,1010.0,2110.0,-5170.0,2040.0,-6230.0,-6570.0,-5630.0,-6990.0,-6100.0,-5280.0,-5680.0,2500.0,-6510.0,1200.0,-6470.0,-5830.0,-6320.0,1040.0,-6780.0,1630.0,-6100.0,1860.0,
red-finned-blue-eye_inst_mdp__05,6,6,338172,1924.9028761025645,39,-4166.666666666667,original-red-finned-blue-eye_inst_mdp__05=/127.0.0.1;original-red-finned-blue-eye_inst_mdp__05=/127.0.0.1;original-red-finned-blue-eye_inst_mdp__05=/127.0.0.1;original-red-finned-blue-eye_inst_mdp__05=/127.0.0.1;original-red-finned-blue-eye_inst_mdp__05=/127.0.0.1;original-red-finned-blue-eye_inst_mdp__05=/127.0.0.1;,3240.0,2846.730318149843,8103873.504273505,3010.0,-5440.0,-5650.0,1650.0,-6100.0,-5060.0,-5070.0,-5850.0,-5920.0,-6150.0,-5950.0,-3210.0,-4690.0,-6040.0,-5390.0,-6420.0,-5820.0,-5820.0,-5740.0,-5600.0,-5800.0,1470.0,-4000.0,-5800.0,-5710.0,-3900.0,1390.0,-4870.0,-5180.0,-6150.0,-3810.0,-6110.0,2370.0,-5230.0,-6300.0,-2660.0,-5380.0,-4810.0,3240.0,
red-finned-blue-eye_inst_mdp__06,6,6,493126,1882.0133232820513,39,-6496.153846153846,original-red-finned-blue-eye_inst_mdp__06=/127.0.0.1;original-red-finned-blue-eye_inst_mdp__06=/127.0.0.1;original-red-finned-blue-eye_inst_mdp__06=/127.0.0.1;original-red-finned-blue-eye_inst_mdp__06=/127.0.0.1;original-red-finned-blue-eye_inst_mdp__06=/127.0.0.1;original-red-finned-blue-eye_inst_mdp__06=/127.0.0.1;,1400.0,2708.671370195354,7336900.591715977,1400.0,-5790.0,-8920.0,-7010.0,-7980.0,-7140.0,-1420.0,-3150.0,-9250.0,-3980.0,-780.0,-9110.0,-8880.0,-320.0,-8330.0,-9170.0,-6070.0,-4940.0,-7960.0,-8770.0,-5880.0,-7950.0,-8380.0,-8970.0,-5380.0,-8160.0,-6260.0,-9070.0,-7510.0,-8370.0,-7960.0,-5080.0,-8050.0,-5450.0,-3540.0,-4380.0,-8550.0,-8460.0,-8380.0,
elevators_inst_mdp__01,6,6,995362,1410.3668664615384,39,-70.83333333333333,original-elevators_inst_mdp__01=/127.0.0.1;original-elevators_inst_mdp__01=/127.0.0.1;original-elevators_inst_mdp__01=/127.0.0.1;original-elevators_inst_mdp__01=/127.0.0.1;original-elevators_inst_mdp__01=/127.0.0.1;original-elevators_inst_mdp__01=/127.0.0.1;,-42.5,8.195787953024416,67.17094017094016,-74.75,-64.0,-74.75,-80.5,-75.0,-74.0,-69.25,-69.25,-78.5,-54.5,-73.0,-75.0,-42.5,-77.0,-73.0,-75.0,-77.0,-71.0,-76.5,-78.0,-75.0,-77.0,-75.75,-70.5,-78.0,-62.0,-78.0,-73.25,-69.5,-58.25,-72.0,-60.75,-65.0,-77.5,-72.0,-63.5,-71.0,-52.0,-79.0,
elevators_inst_mdp__02,6,6,1000129,1583.3527189743588,39,-45.94871794871795,original-elevators_inst_mdp__02=/127.0.0.1;original-elevators_inst_mdp__02=/127.0.0.1;original-elevators_inst_mdp__02=/127.0.0.1;original-elevators_inst_mdp__02=/127.0.0.1;original-elevators_inst_mdp__02=/127.0.0.1;original-elevators_inst_mdp__02=/127.0.0.1;,-11.0,15.276739848790596,233.37878040762655,-29.5,-34.5,-35.0,-39.5,-44.0,-44.0,-39.75,-58.75,-43.0,-67.0,-64.0,-50.5,-36.5,-53.0,-30.75,-65.5,-49.5,-46.5,-40.5,-57.75,-63.25,-49.25,-63.0,-59.25,-24.5,-47.25,-18.75,-67.5,-46.5,-15.75,-34.5,-11.0,-60.0,-36.25,-70.75,-60.0,-67.25,-29.5,-38.25,
elevators_inst_mdp__03,6,6,998710,1609.6711965128202,39,-67.88461538461539,original-elevators_inst_mdp__03=/127.0.0.1;original-elevators_inst_mdp__03=/127.0.0.1;original-elevators_inst_mdp__03=/127.0.0.1;original-elevators_inst_mdp__03=/127.0.0.1;original-elevators_inst_mdp__03=/127.0.0.1;original-elevators_inst_mdp__03=/127.0.0.1;,-40.0,9.125873009493631,83.28155818540434,-78.0,-80.75,-75.0,-66.25,-62.5,-48.5,-69.25,-51.0,-67.0,-73.75,-61.25,-65.75,-57.0,-77.0,-67.75,-77.0,-77.5,-68.75,-40.0,-77.0,-80.25,-61.25,-59.25,-60.5,-72.0,-76.25,-76.25,-75.0,-72.0,-68.25,-63.0,-64.75,-72.5,-62.0,-70.0,-77.75,-74.5,-63.5,-57.5,
elevators_inst_mdp__04,6,6,980190,1482.0201909743591,39,-93.82051282051282,original-elevators_inst_mdp__04=/127.0.0.1;original-elevators_inst_mdp__04=/127.0.0.1;original-elevators_inst_mdp__04=/127.0.0.1;original-elevators_inst_mdp__04=/127.0.0.1;original-elevators_inst_mdp__04=/127.0.0.1;original-elevators_inst_mdp__04=/127.0.0.1;,-34.0,29.586896610139203,875.3844510190665,-94.0,-111.75,-127.75,-72.5,-74.0,-54.75,-117.0,-88.25,-94.0,-36.0,-76.75,-110.75,-136.0,-116.0,-62.75,-90.5,-83.0,-130.0,-94.0,-110.0,-117.0,-38.0,-112.0,-110.5,-58.0,-121.75,-79.5,-74.25,-132.25,-141.0,-36.0,-77.5,-118.0,-91.0,-114.5,-138.75,-96.0,-89.25,-34.0,
elevators_inst_mdp__05,6,6,999811,1506.7142623589743,39,-96.1474358974359,original-elevators_inst_mdp__05=/127.0.0.1;original-elevators_inst_mdp__05=/127.0.0.1;original-elevators_inst_mdp__05=/127.0.0.1;original-elevators_inst_mdp__05=/127.0.0.1;original-elevators_inst_mdp__05=/127.0.0.1;original-elevators_inst_mdp__05=/127.0.0.1;,-29.75,24.08915850601557,580.2875575279422,-147.0,-52.0,-68.0,-106.25,-115.5,-77.25,-124.0,-91.75,-87.5,-85.0,-99.75,-104.0,-49.25,-90.5,-91.25,-106.0,-101.0,-127.5,-75.25,-110.0,-67.75,-102.25,-111.25,-92.0,-121.25,-101.5,-98.25,-130.75,-29.75,-113.0,-123.25,-98.75,-90.75,-106.0,-116.5,-49.0,-103.5,-83.0,-102.5,
elevators_inst_mdp__06,6,6,999981,1501.7490646153844,39,-109.69871794871794,original-elevators_inst_mdp__06=/127.0.0.1;original-elevators_inst_mdp__06=/127.0.0.1;original-elevators_inst_mdp__06=/127.0.0.1;original-elevators_inst_mdp__06=/127.0.0.1;original-elevators_inst_mdp__06=/127.0.0.1;original-elevators_inst_mdp__06=/127.0.0.1;,-60.75,18.98887828062375,360.5774983563445,-100.5,-107.5,-121.0,-132.0,-100.25,-111.5,-72.0,-113.0,-119.0,-112.5,-102.75,-107.75,-107.0,-136.25,-107.75,-115.0,-63.25,-99.0,-130.0,-135.5,-109.0,-60.75,-75.75,-100.0,-123.5,-112.5,-120.25,-88.5,-112.0,-137.0,-129.25,-117.5,-105.0,-121.75,-139.5,-109.5,-87.25,-130.0,-105.75,
red-finned-blue-eye_inst_mdp__01,5,5,1244839,1087.0759111466664,75,-2769.2,L_C_SOGBOFA=/127.0.0.1;L_C_SOGBOFA=/127.0.0.1;L_C_SOGBOFA=/127.0.0.1;L_C_SOGBOFA=/127.0.0.1;L_C_SOGBOFA=/127.0.0.1;,5170.0,3056.056613786246,9339482.026666658,-4860.0,-2480.0,-4930.0,-5430.0,-5430.0,-4500.0,-3980.0,-4010.0,-3380.0,-3030.0,-1100.0,-5430.0,-3600.0,-5180.0,-3900.0,-5130.0,3310.0,-2780.0,2940.0,-1410.0,-3180.0,-5100.0,-3360.0,-5100.0,-5400.0,-1850.0,-5180.0,-5430.0,-3760.0,4220.0,-2880.0,-5100.0,-3160.0,-5180.0,-2680.0,4140.0,-2110.0,-1920.0,-5400.0,-4380.0,4340.0,-5430.0,-3630.0,-3960.0,-4830.0,-4650.0,-2500.0,-3410.0,-5430.0,-4350.0,-4260.0,-4560.0,-3960.0,2960.0,3020.0,-4610.0,-5100.0,-2180.0,-2760.0,-4850.0,3920.0,-5430.0,-5180.0,3190.0,-4830.0,-4530.0,-5400.0,-1340.0,-3630.0,3860.0,-4600.0,5170.0,-680.0,3040.0,-3980.0,
red-finned-blue-eye_inst_mdp__02,5,5,1248779,1227.854989226667,75,1866.6666666666667,L_C_SOGBOFA=/127.0.0.1;L_C_SOGBOFA=/127.0.0.1;L_C_SOGBOFA=/127.0.0.1;L_C_SOGBOFA=/127.0.0.1;L_C_SOGBOFA=/127.0.0.1;,3000.0,300.59200846921306,90355.55555555545,1700.0,2050.0,2800.0,1650.0,1800.0,1950.0,2000.0,1650.0,2250.0,1750.0,1650.0,1700.0,1950.0,1700.0,2300.0,1650.0,1650.0,1650.0,1750.0,1650.0,1650.0,2100.0,1650.0,1650.0,2050.0,2050.0,1800.0,3000.0,1750.0,1650.0,2050.0,1650.0,3000.0,1800.0,1650.0,1750.0,1650.0,1650.0,1850.0,1650.0,1650.0,1950.0,1800.0,2350.0,2350.0,1900.0,1700.0,1650.0,1750.0,1650.0,2200.0,1800.0,2100.0,1750.0,1650.0,1700.0,1750.0,1800.0,1650.0,1700.0,1650.0,1700.0,1850.0,1950.0,2200.0,1650.0,1900.0,2550.0,1800.0,1850.0,1750.0,1650.0,2000.0,1700.0,1650.0,
red-finned-blue-eye_inst_mdp__03,5,5,1329604,1289.6776833066665,75,-3820.6666666666665,L_C_SOGBOFA=/127.0.0.1;L_C_SOGBOFA=/127.0.0.1;L_C_SOGBOFA=/127.0.0.1;L_C_SOGBOFA=/127.0.0.1;L_C_SOGBOFA=/127.0.0.1;,2600.0,2814.0136618163187,7918672.888888887,-5450.0,-3600.0,-5450.0,-4700.0,-4650.0,-4400.0,-5450.0,-5450.0,-5200.0,2600.0,-4900.0,-4950.0,-4850.0,1900.0,-4900.0,-5450.0,-5150.0,-5200.0,-5200.0,-5450.0,-5450.0,-4900.0,2000.0,-5450.0,1600.0,-5450.0,2250.0,-5150.0,-5450.0,-5450.0,-4950.0,2350.0,-5150.0,-5450.0,-4900.0,-5150.0,2200.0,-5450.0,-4950.0,-5450.0,-5450.0,-5150.0,-5450.0,-5450.0,-4900.0,-5450.0,-5450.0,-5450.0,-4450.0,2100.0,-4700.0,1700.0,1600.0,-5450.0,-5150.0,-5450.0,-4950.0,1850.0,-4550.0,2400.0,-5200.0,-5450.0,-5450.0,-5150.0,-5450.0,-5450.0,-3900.0,1750.0,-5450.0,-4900.0,-5450.0,-5200.0,-5450.0,1700.0,-5450.0,
red-finned-blue-eye_inst_mdp__04,5,5,1230904,1136.2559959466666,75,-1686.2666666666667,L_C_SOGBOFA=/127.0.0.1;L_C_SOGBOFA=/127.0.0.1;L_C_SOGBOFA=/127.0.0.1;L_C_SOGBOFA=/127.0.0.1;L_C_SOGBOFA=/127.0.0.1;,3450.0,3678.7486181520417,1.3533191395555556E7,-3450.0,-4950.0,-3550.0,-5300.0,-5550.0,-5010.0,2650.0,-5200.0,-5550.0,3200.0,2400.0,2940.0,2090.0,2200.0,2590.0,-4800.0,1680.0,1640.0,-5300.0,-4200.0,-4860.0,1640.0,-5110.0,-5550.0,-5550.0,-5050.0,-5550.0,-4760.0,-5550.0,-4860.0,2840.0,-5550.0,3450.0,2800.0,1640.0,-4860.0,-5550.0,2740.0,-5550.0,2340.0,1840.0,1840.0,1950.0,-5110.0,-4660.0,2940.0,-4070.0,-5550.0,-5110.0,2250.0,-5550.0,-5550.0,1700.0,-5050.0,2000.0,-5550.0,2350.0,1640.0,2090.0,1580.0,1580.0,-5300.0,2400.0,2290.0,1700.0,-5300.0,-5200.0,-5550.0,2840.0,-5050.0,-4610.0,-5300.0,1840.0,1640.0,1940.0,
red-finned-blue-eye_inst_mdp__05,5,5,1263453,1274.1588206933334,75,-1848.6666666666667,L_C_SOGBOFA=/127.0.0.1;L_C_SOGBOFA=/127.0.0.1;L_C_SOGBOFA=/127.0.0.1;L_C_SOGBOFA=/127.0.0.1;L_C_SOGBOFA=/127.0.0.1;,4000.0,3148.8759193648075,9915419.555555562,-5350.0,1760.0,-4850.0,1500.0,-2650.0,-4800.0,-4880.0,2050.0,2060.0,-4150.0,2050.0,-1190.0,-4930.0,-5400.0,-4200.0,-3460.0,-4960.0,-250.0,2900.0,-4500.0,-5350.0,-1740.0,2050.0,-4680.0,1750.0,-3710.0,-5400.0,-4580.0,-2900.0,-5350.0,4000.0,3100.0,-3740.0,-4180.0,-4460.0,-4930.0,-4180.0,-4190.0,1580.0,-5350.0,-5350.0,2000.0,2250.0,1690.0,1950.0,1580.0,1700.0,2230.0,2820.0,-5400.0,-3850.0,1720.0,-5350.0,-5150.0,-5050.0,-4680.0,-5150.0,2800.0,2060.0,1980.0,-2520.0,-4930.0,440.0,-1330.0,-4750.0,1570.0,-4110.0,1930.0,-830.0,1900.0,-2970.0,-2890.0,-1160.0,-5050.0,-3240.0,
red-finned-blue-eye_inst_mdp__06,5,5,1748790,1337.2452074666662,75,-1986.2666666666667,L_C_SOGBOFA=/127.0.0.1;L_C_SOGBOFA=/127.0.0.1;L_C_SOGBOFA=/127.0.0.1;L_C_SOGBOFA=/127.0.0.1;L_C_SOGBOFA=/127.0.0.1;,3980.0,3886.723992716174,1.510662339555556E7,-5880.0,2880.0,-6650.0,-3710.0,-3140.0,-6260.0,2150.0,1110.0,-7330.0,2380.0,-4940.0,3980.0,2580.0,2730.0,2320.0,-7010.0,2190.0,3070.0,320.0,-2500.0,-2820.0,-2570.0,2170.0,-5850.0,-7330.0,-1590.0,-3140.0,-5540.0,-6830.0,-2850.0,2670.0,3410.0,-1070.0,-4760.0,3310.0,1080.0,1350.0,-4930.0,-1090.0,-20.0,2670.0,-6580.0,3250.0,-5190.0,610.0,-7280.0,-7330.0,1810.0,520.0,-1670.0,2130.0,2790.0,-6110.0,-4690.0,2570.0,-3560.0,-3090.0,-5610.0,2240.0,2110.0,-7330.0,1010.0,-5910.0,2680.0,-7280.0,-2630.0,3310.0,-6360.0,-7200.0,-6860.0,-7180.0,-3340.0,-490.0,-7330.0,-5540.0,
red-finned-blue-eye_inst_mdp__07,5,5,1627416,1294.32257824,75,11829.333333333334,L_C_SOGBOFA=/127.0.0.1;L_C_SOGBOFA=/127.0.0.1;L_C_SOGBOFA=/127.0.0.1;L_C_SOGBOFA=/127.0.0.1;L_C_SOGBOFA=/127.0.0.1;,18000.0,1570.0125972601481,2464939.555555556,10800.0,14500.0,11700.0,11100.0,11450.0,11900.0,11300.0,10850.0,11200.0,10600.0,11200.0,11000.0,13000.0,10850.0,11350.0,12050.0,11300.0,13050.0,10800.0,10800.0,11400.0,10950.0,11950.0,10800.0,10850.0,11650.0,11000.0,12250.0,15700.0,10600.0,11100.0,11200.0,12150.0,11100.0,12350.0,10900.0,10600.0,11300.0,11900.0,11750.0,12700.0,14400.0,10600.0,11150.0,18000.0,10700.0,12200.0,10650.0,11100.0,12350.0,11550.0,11000.0,16950.0,11450.0,14950.0,11150.0,10950.0,11900.0,11050.0,11450.0,14300.0,10800.0,11350.0,10850.0,17250.0,11500.0,14400.0,10700.0,11150.0,10950.0,10850.0,11650.0,11400.0,10850.0,10650.0,
red-finned-blue-eye_inst_mdp__08,5,5,1750519,1282.6288553600007,75,-5772.666666666667,L_C_SOGBOFA=/127.0.0.1;L_C_SOGBOFA=/127.0.0.1;L_C_SOGBOFA=/127.0.0.1;L_C_SOGBOFA=/127.0.0.1;L_C_SOGBOFA=/127.0.0.1;,-1100.0,1381.3590731192558,1908152.8888888895,-6650.0,-7200.0,-5500.0,-6450.0,-5700.0,-1950.0,-6950.0,-7250.0,-4950.0,-4200.0,-7250.0,-5500.0,-7000.0,-7150.0,-6000.0,-5200.0,-6750.0,-5600.0,-5000.0,-6000.0,-6500.0,-7000.0,-6750.0,-6700.0,-5500.0,-2400.0,-6050.0,-7000.0,-4750.0,-6550.0,-6500.0,-7250.0,-4700.0,-3450.0,-5500.0,-5950.0,-4200.0,-6800.0,-5250.0,-6750.0,-6750.0,-5950.0,-5500.0,-4550.0,-5750.0,-5500.0,-5700.0,-1100.0,-6000.0,-7250.0,-6500.0,-5000.0,-2900.0,-3950.0,-5500.0,-4450.0,-2350.0,-6950.0,-5400.0,-6500.0,-6000.0,-7200.0,-7200.0,-7200.0,-5950.0,-7250.0,-6500.0,-6450.0,-7200.0,-3550.0,-7250.0,-6750.0,-4850.0,-5000.0,-7250.0,
red-finned-blue-eye_inst_mdp__09,5,5,1742198,1173.26102016,75,-3620.6666666666665,L_C_SOGBOFA=/127.0.0.1;L_C_SOGBOFA=/127.0.0.1;L_C_SOGBOFA=/127.0.0.1;L_C_SOGBOFA=/127.0.0.1;L_C_SOGBOFA=/127.0.0.1;,7700.0,3809.436470427381,1.4511806222222224E7,-4900.0,-5850.0,-6500.0,-5450.0,3250.0,150.0,2800.0,-6700.0,2350.0,-5450.0,-5950.0,-5700.0,-4700.0,-1900.0,-5750.0,-3850.0,-4700.0,-5150.0,3600.0,-3900.0,-7000.0,-2500.0,-5150.0,1100.0,2800.0,-6150.0,4000.0,-4200.0,-800.0,-6600.0,-5900.0,-4850.0,-6400.0,-7000.0,-6400.0,-7300.0,-3200.0,-4050.0,-5950.0,2300.0,-4450.0,-7300.0,-4950.0,-2850.0,-5650.0,-6400.0,3450.0,-6900.0,-4750.0,-3700.0,-6700.0,-6200.0,-6250.0,-6900.0,-7300.0,2250.0,-5700.0,-6200.0,-7300.0,-7300.0,-7000.0,-5450.0,-7300.0,2400.0,-1150.0,3250.0,-6650.0,-4400.0,-6550.0,7700.0,-5350.0,-5950.0,4100.0,-4250.0,3700.0,
red-finned-blue-eye_inst_mdp__10,5,5,1684012,1285.7730013866667,75,6316.0,L_C_SOGBOFA=/127.0.0.1;L_C_SOGBOFA=/127.0.0.1;L_C_SOGBOFA=/127.0.0.1;L_C_SOGBOFA=/127.0.0.1;L_C_SOGBOFA=/127.0.0.1;,6750.0,114.06430934637997,13010.666666666666,6200.0,6200.0,6350.0,6250.0,6250.0,6250.0,6200.0,6250.0,6200.0,6350.0,6200.0,6250.0,6350.0,6350.0,6700.0,6250.0,6500.0,6500.0,6250.0,6250.0,6350.0,6250.0,6250.0,6200.0,6300.0,6250.0,6450.0,6600.0,6450.0,6200.0,6550.0,6500.0,6250.0,6200.0,6300.0,6300.0,6300.0,6200.0,6350.0,6400.0,6450.0,6300.0,6250.0,6250.0,6300.0,6350.0,6400.0,6200.0,6350.0,6450.0,6350.0,6300.0,6300.0,6200.0,6250.0,6300.0,6250.0,6250.0,6300.0,6350.0,6400.0,6400.0,6200.0,6200.0,6200.0,6750.0,6250.0,6300.0,6300.0,6250.0,6250.0,6400.0,6250.0,6300.0,6350.0,
red-finned-blue-eye_inst_mdp__11,5,5,2186523,1291.23609824,75,3151.3333333333335,L_C_SOGBOFA=/127.0.0.1;L_C_SOGBOFA=/127.0.0.1;L_C_SOGBOFA=/127.0.0.1;L_C_SOGBOFA=/127.0.0.1;L_C_SOGBOFA=/127.0.0.1;,8550.0,849.3908928690543,721464.8888888892,2900.0,4100.0,3250.0,2850.0,2850.0,2950.0,2850.0,2650.0,4250.0,2750.0,3150.0,2700.0,2800.0,3050.0,2950.0,2900.0,3250.0,3750.0,8550.0,3450.0,3050.0,2800.0,2800.0,3550.0,3300.0,3050.0,2800.0,2900.0,2650.0,2700.0,3050.0,2900.0,2950.0,3100.0,2950.0,2850.0,2650.0,3000.0,2850.0,3100.0,2850.0,5250.0,2650.0,2650.0,3000.0,3200.0,2900.0,3100.0,2650.0,3150.0,3400.0,3350.0,3000.0,3100.0,3550.0,2750.0,3400.0,2750.0,6550.0,2650.0,2650.0,2850.0,2700.0,2750.0,2700.0,3050.0,3050.0,2800.0,3250.0,2650.0,2950.0,3300.0,3100.0,3050.0,2650.0,
red-finned-blue-eye_inst_mdp__12,5,5,2208516,1291.176044373334,75,5383.866666666667,L_C_SOGBOFA=/127.0.0.1;L_C_SOGBOFA=/127.0.0.1;L_C_SOGBOFA=/127.0.0.1;L_C_SOGBOFA=/127.0.0.1;L_C_SOGBOFA=/127.0.0.1;,17050.0,6442.670024833562,4.150799704888889E7,10070.0,-5900.0,12050.0,-8950.0,13170.0,11950.0,12550.0,8650.0,10650.0,8300.0,9250.0,10550.0,12050.0,-6300.0,6500.0,9400.0,-2900.0,6400.0,6400.0,1550.0,-6400.0,4700.0,6900.0,7450.0,12350.0,2100.0,5420.0,3400.0,11150.0,13450.0,-2400.0,8670.0,6650.0,6550.0,3150.0,17050.0,9800.0,-1700.0,-4300.0,13350.0,-950.0,7870.0,7900.0,6450.0,5200.0,-5850.0,-5800.0,8750.0,8600.0,8700.0,-3500.0,10700.0,11420.0,5500.0,4150.0,11300.0,1950.0,5000.0,12300.0,8800.0,9450.0,-500.0,14670.0,10150.0,-6750.0,9550.0,12100.0,-3200.0,3550.0,-5550.0,-6750.0,6200.0,7600.0,7700.0,-5700.0,
red-finned-blue-eye_inst_mdp__13,5,5,2353496,1361.374706666667,75,3178.0,L_C_SOGBOFA=/127.0.0.1;L_C_SOGBOFA=/127.0.0.1;L_C_SOGBOFA=/127.0.0.1;L_C_SOGBOFA=/127.0.0.1;L_C_SOGBOFA=/127.0.0.1;,13800.0,6734.270957819661,4.5350405333333336E7,8920.0,12600.0,7000.0,6450.0,-3660.0,12470.0,4160.0,-2460.0,12050.0,-7450.0,-3400.0,-1250.0,6900.0,7900.0,-4050.0,8250.0,10150.0,8700.0,10070.0,-3880.0,7550.0,-2050.0,-6650.0,5970.0,12750.0,-2010.0,3800.0,-7250.0,8170.0,-8400.0,10950.0,-4300.0,-1900.0,4150.0,2670.0,5320.0,10750.0,7970.0,6500.0,5100.0,-8500.0,8000.0,-7150.0,11500.0,-7700.0,8050.0,-1030.0,-5800.0,7250.0,6600.0,-2400.0,-6030.0,-2300.0,-4850.0,3300.0,10550.0,-5100.0,8800.0,9170.0,7650.0,-4850.0,13800.0,9870.0,-2200.0,-5490.0,5200.0,9800.0,6500.0,9000.0,-6100.0,3050.0,7700.0,-7200.0,9400.0,11300.0,
red-finned-blue-eye_inst_mdp__14,5,5,2178366,1382.070966613333,75,8622.0,L_C_SOGBOFA=/127.0.0.1;L_C_SOGBOFA=/127.0.0.1;L_C_SOGBOFA=/127.0.0.1;L_C_SOGBOFA=/127.0.0.1;L_C_SOGBOFA=/127.0.0.1;,16000.0,2240.8069974899668,5021216.0,5300.0,7100.0,5950.0,8250.0,6300.0,9050.0,10250.0,5850.0,6950.0,13300.0,6950.0,9750.0,12950.0,9500.0,12500.0,10850.0,6750.0,10800.0,5900.0,10350.0,8100.0,9400.0,5750.0,7850.0,10050.0,7150.0,11300.0,8500.0,7650.0,6700.0,10750.0,9100.0,7850.0,16000.0,13150.0,6050.0,8650.0,10050.0,5600.0,6200.0,7900.0,7450.0,10450.0,8700.0,5450.0,11250.0,6050.0,9900.0,6200.0,9600.0,8050.0,6050.0,7650.0,9750.0,7350.0,7750.0,8400.0,10750.0,9200.0,10400.0,5650.0,7950.0,7800.0,7250.0,7300.0,8900.0,7950.0,12450.0,8750.0,11950.0,8600.0,11900.0,5700.0,9650.0,6100.0,
red-finned-blue-eye_inst_mdp__15,5,5,2200487,1371.7120503466663,75,4429.6,L_C_SOGBOFA=/127.0.0.1;L_C_SOGBOFA=/127.0.0.1;L_C_SOGBOFA=/127.0.0.1;L_C_SOGBOFA=/127.0.0.1;L_C_SOGBOFA=/127.0.0.1;,14850.0,5579.900462672551,3.113528917333335E7,9550.0,2100.0,9600.0,9000.0,-4000.0,-3200.0,4300.0,-700.0,1650.0,9500.0,850.0,-1700.0,10900.0,9350.0,9000.0,12550.0,5300.0,10450.0,250.0,13950.0,1700.0,8300.0,-1500.0,-4050.0,5350.0,7000.0,13750.0,9500.0,-500.0,9400.0,14850.0,2350.0,10300.0,7650.0,8800.0,10300.0,8970.0,3350.0,-5950.0,-8500.0,3900.0,-4950.0,-2800.0,7550.0,11150.0,350.0,7050.0,4150.0,9250.0,-2850.0,4650.0,2400.0,6750.0,-2550.0,3500.0,500.0,-650.0,10150.0,2100.0,250.0,4700.0,13050.0,8000.0,9850.0,1600.0,-5700.0,1950.0,-850.0,8850.0,6400.0,7900.0,-2000.0,8700.0,5800.0,-5700.0,
red-finned-blue-eye_inst_mdp__16,5,5,2810913,1338.67179104,75,18958.666666666668,L_C_SOGBOFA=/127.0.0.1;L_C_SOGBOFA=/127.0.0.1;L_C_SOGBOFA=/127.0.0.1;L_C_SOGBOFA=/127.0.0.1;L_C_SOGBOFA=/127.0.0.1;,28000.0,3825.165559234731,1.4631891555555554E7,12250.0,23100.0,17500.0,20900.0,25750.0,20950.0,24850.0,22150.0,14450.0,20150.0,28000.0,16450.0,25600.0,19500.0,19550.0,18000.0,20550.0,15650.0,21350.0,22300.0,17900.0,19950.0,17950.0,18550.0,15800.0,15450.0,21650.0,22250.0,22250.0,25000.0,20700.0,11350.0,20400.0,15850.0,18750.0,16250.0,21400.0,13100.0,25250.0,15350.0,22700.0,15350.0,18150.0,22950.0,18750.0,16900.0,23000.0,16000.0,12200.0,16500.0,17000.0,18000.0,14800.0,12350.0,16400.0,21000.0,16350.0,16900.0,21250.0,25150.0,15300.0,16900.0,13900.0,22200.0,18600.0,21450.0,19000.0,12800.0,11650.0,24300.0,18050.0,24000.0,20200.0,22100.0,15600.0,
red-finned-blue-eye_inst_mdp__17,5,5,3034541,1412.6235123200001,75,15802.0,L_C_SOGBOFA=/127.0.0.1;L_C_SOGBOFA=/127.0.0.1;L_C_SOGBOFA=/127.0.0.1;L_C_SOGBOFA=/127.0.0.1;L_C_SOGBOFA=/127.0.0.1;,27900.0,4730.42661923848,2.2376936E7,12500.0,11150.0,8750.0,8700.0,24200.0,11150.0,19150.0,17250.0,17400.0,13000.0,15350.0,18050.0,23200.0,23700.0,9600.0,13050.0,17150.0,15850.0,12550.0,22450.0,21250.0,10750.0,23750.0,16000.0,21500.0,16500.0,13550.0,9500.0,19000.0,11050.0,11950.0,19900.0,20420.0,19500.0,12050.0,12300.0,12850.0,19500.0,21700.0,9400.0,17850.0,17400.0,27050.0,8750.0,19150.0,17700.0,17000.0,15100.0,12000.0,15100.0,17450.0,14470.0,16650.0,11520.0,16100.0,11200.0,14650.0,21420.0,7450.0,19850.0,10050.0,14800.0,9000.0,12900.0,19950.0,18250.0,27900.0,10500.0,9850.0,18650.0,13300.0,17420.0,13550.0,22650.0,11900.0,
red-finned-blue-eye_inst_mdp__18,5,5,2801700,1390.5555265066666,75,-586.1333333333333,L_C_SOGBOFA=/127.0.0.1;L_C_SOGBOFA=/127.0.0.1;L_C_SOGBOFA=/127.0.0.1;L_C_SOGBOFA=/127.0.0.1;L_C_SOGBOFA=/127.0.0.1;,12850.0,7350.9639990654005,5.403667171555558E7,550.0,6900.0,6450.0,12500.0,6550.0,8500.0,-4300.0,-8750.0,-5350.0,6200.0,4600.0,-8650.0,-1150.0,6500.0,-4680.0,6650.0,3750.0,8500.0,-10800.0,6300.0,-6100.0,8300.0,-9750.0,-10750.0,-11250.0,3850.0,4800.0,-7350.0,-7200.0,-11000.0,11000.0,-9250.0,6200.0,10000.0,-5000.0,-450.0,500.0,-3750.0,12500.0,7250.0,-5500.0,-8500.0,-3250.0,12850.0,4200.0,-4900.0,-600.0,5950.0,-2350.0,-9250.0,-7500.0,6400.0,7100.0,-8400.0,7100.0,7600.0,4650.0,-8000.0,5150.0,-5900.0,7750.0,9050.0,-11250.0,-9150.0,-8800.0,-6400.0,-6650.0,-10500.0,-4400.0,1450.0,-6800.0,3620.0,-6550.0,-4000.0,-11000.0,
red-finned-blue-eye_inst_mdp__19,5,5,3254953,1361.4138644266666,75,132.66666666666666,L_C_SOGBOFA=/127.0.0.1;L_C_SOGBOFA=/127.0.0.1;L_C_SOGBOFA=/127.0.0.1;L_C_SOGBOFA=/127.0.0.1;L_C_SOGBOFA=/127.0.0.1;,14150.0,6886.230189459413,4.7420166222222224E7,5550.0,-8000.0,-3750.0,9050.0,-2100.0,-6300.0,12750.0,-4550.0,-9250.0,-450.0,8200.0,-4400.0,850.0,-7150.0,2000.0,10200.0,-8000.0,3000.0,-8550.0,6050.0,7150.0,500.0,-5000.0,7300.0,7900.0,2650.0,-4800.0,4200.0,-7050.0,2050.0,8700.0,-850.0,200.0,10000.0,-7200.0,7250.0,11100.0,-5850.0,5350.0,-8900.0,9650.0,-6050.0,300.0,5050.0,-9850.0,-9500.0,-2350.0,-1150.0,-2050.0,-9700.0,-6350.0,-10200.0,14150.0,2350.0,-6200.0,6950.0,7750.0,1000.0,3450.0,6800.0,-9250.0,-8750.0,5750.0,10750.0,8600.0,-6400.0,9400.0,-3900.0,-7650.0,-5150.0,6800.0,2150.0,-2150.0,-9450.0,-4700.0,
red-finned-blue-eye_inst_mdp__20,5,5,3450860,1385.0094674133336,75,-1011.0666666666667,L_C_SOGBOFA=/127.0.0.1;L_C_SOGBOFA=/127.0.0.1;L_C_SOGBOFA=/127.0.0.1;L_C_SOGBOFA=/127.0.0.1;L_C_SOGBOFA=/127.0.0.1;,10950.0,6469.466453700456,4.185399619555556E7,-7830.0,50.0,-6050.0,4450.0,-5400.0,-2800.0,-9700.0,-8700.0,-4700.0,200.0,7900.0,-10300.0,-2800.0,8700.0,-9650.0,7650.0,7750.0,6500.0,7800.0,2250.0,-9000.0,8250.0,-1150.0,-500.0,2000.0,8250.0,-7850.0,-1800.0,5400.0,-9400.0,-3700.0,-9400.0,1550.0,-10300.0,-10000.0,5300.0,7350.0,-9400.0,-2650.0,6800.0,1900.0,-3250.0,-8750.0,-6850.0,4150.0,-4400.0,-7300.0,-7900.0,3200.0,-1600.0,-2100.0,-6700.0,-3650.0,-2450.0,7000.0,-7400.0,5950.0,7150.0,4350.0,9050.0,4150.0,-8950.0,-450.0,2650.0,-10900.0,10950.0,3500.0,-1050.0,8700.0,5450.0,-4350.0,-2500.0,1700.0,-10900.0,-9300.0,
tamarisk_inst_mdp__15,5,5,3632736,1395.6634183333333,24,-3636.384583333333,L_C_SOGBOFA=/127.0.0.1;L_C_SOGBOFA=/127.0.0.1;L_C_SOGBOFA=/127.0.0.1;L_C_SOGBOFA=/127.0.0.1;L_C_SOGBOFA=/127.0.0.1;,-20.25,757.2089085361404,573365.331166493,-3706.24,-3826.5,-3872.75,-3823.0,-3866.5,-3875.24,-3753.5,-3852.75,-3644.5,-3849.0,-3891.5,-3783.5,-3839.75,-3733.5,-3780.25,-3812.0,-3808.0,-3807.25,-3599.75,-3806.5,-3812.75,-3755.25,-3753.0,-20.25,
tamarisk_inst_mdp__20,5,5,3940480,1283.5319160000001,6,-5316.915,L_C_SOGBOFA=/127.0.0.1;L_C_SOGBOFA=/127.0.0.1;L_C_SOGBOFA=/127.0.0.1;L_C_SOGBOFA=/127.0.0.1;L_C_SOGBOFA=/127.0.0.1;,-58.0,2352.235074057225,5533009.843625,-6292.99,-6389.25,-6428.25,-6345.0,-6388.0,-58.0,
manufacturer_inst_mdp__06,5,5,2807035,1424.4794197333335,75,863.5809973333332,L_C_SOGBOFA=/127.0.0.1;L_C_SOGBOFA=/127.0.0.1;L_C_SOGBOFA=/127.0.0.1;L_C_SOGBOFA=/127.0.0.1;L_C_SOGBOFA=/127.0.0.1;,1396.8224,265.75322209320734,70624.7750529216,763.3136999999994,816.837,1202.5048,615.6650999999999,1381.9939,1396.8224,653.0035,1126.1608,575.1686,957.1818999999997,1017.0332000000003,347.6708,909.5045000000005,922.0095000000001,1061.0078,601.4929,1034.8231999999998,912.3389999999999,353.74499999999983,889.1499999999999,150.2032000000001,945.3249000000001,864.1679,641.1403999999999,1078.6842000000006,615.3387,624.5183000000005,599.8348,492.01170000000013,1174.8377000000005,919.0200000000007,923.8322,1099.1708999999998,769.3696000000003,623.3302,1145.2041,898.1694999999999,1035.5059000000006,954.9793999999998,1081.0136000000002,684.9963,825.8318999999999,845.6647999999999,1198.6542999999992,940.6696,811.1749,831.6736000000003,704.1816999999999,601.0028,1247.1626999999999,1293.1501,976.5138000000003,1077.1498000000006,987.8430000000001,1206.3307,886.5037,791.8498999999999,907.332,1045.0017,830.3335,626.8287,571.8296,1242.0039000000004,864.0174,539.8709999999999,508.20140000000004,728.3026,271.67379999999997,961.1632999999999,1203.167,1365.8398,733.4915000000002,428.2244999999999,796.8226,1061.0321,
manufacturer_inst_mdp__07,5,5,3389837,1420.5608025600002,75,981.7329213333331,L_C_SOGBOFA=/127.0.0.1;L_C_SOGBOFA=/127.0.0.1;L_C_SOGBOFA=/127.0.0.1;L_C_SOGBOFA=/127.0.0.1;L_C_SOGBOFA=/127.0.0.1;,1534.8352000000011,385.97975404546577,148980.37053299823,168.20910000000015,735.0176,1321.3327999999997,1073.3293000000003,934.8406,1213.8455999999994,1465.6495999999995,1000.0060999999997,1346.3288000000007,1271.8231,930.0093999999998,981.8208999999999,823.8317999999999,1041.3403999999998,940.1683,1265.3206000000005,1214.1657999999998,510.77049999999963,923.5965999999992,1241.6914999999995,1067.1716000000001,1351.5015000000008,882.8576999999998,933.0066,853.8199,-222.67340000000002,729.6733,885.3397999999999,1063.1916,731.6487,974.6763000000001,912.8205000000003,1087.3306,1081.3281,1176.6513,1069.4822999999994,1421.3247000000001,1047.3204,1018.8186000000001,1411.3295000000012,-667.8329,1095.0011,1329.8533,1059.9934,459.1613000000001,1040.7978999999996,1087.6673,1158.1662000000001,677.4602999999996,1040.1682999999998,852.1657,1006.3380999999999,597.6954000000002,1178.8350000000003,1189.1748,1277.0056,1512.6720000000003,765.8462999999999,1363.1603,989.8533,1009.6763000000001,1521.842,544.9724,936.6654999999997,1021.8241999999998,1084.3366999999998,1199.9985,1282.659800000001,-40.77909999999966,269.34510000000034,1534.8352000000011,1451.5005,939.1768999999999,579.5104,1401.5040000000001,
manufacturer_inst_mdp__08,5,5,2871120,1372.905098453333,75,3267.880765199999,L_C_SOGBOFA=/127.0.0.1;L_C_SOGBOFA=/127.0.0.1;L_C_SOGBOFA=/127.0.0.1;L_C_SOGBOFA=/127.0.0.1;L_C_SOGBOFA=/127.0.0.1;,4159.546464999999,596.6199186881993,355955.32737551356,3344.2378050000007,3336.238864999999,3416.1377299999995,1494.1248550000014,2322.19465,3457.8429950000013,3291.5695349999983,3118.2271399999986,4024.5968649999986,3825.055924999998,3787.554469999998,1098.220935,2876.986664999999,3152.8293249999992,2868.9366649999993,3185.5328599999984,3846.246329999997,3867.8830299999995,3782.5156050000005,3722.1130349999994,3300.034254999998,2988.1321300000013,3850.239869999997,2991.019664999999,3429.644534999998,3210.8667899999996,3266.861915,3849.337229999998,3838.368800000002,2543.7,3229.2426049999985,3647.058194999998,3160.978819999999,3329.157064999998,1709.3751999999993,3178.45588,3562.143269999998,2349.00839,3875.1073949999995,3893.6149349999973,2917.679594999999,3020.5157649999996,3595.3929349999985,2779.206989999999,3190.812174999999,3494.0555749999976,3256.164064999998,3693.870934999998,3787.1786600000005,3705.735389999997,2936.877679999999,3403.3249999999985,3920.3708050000005,3635.8347699999995,4159.546464999999,3776.2259349999977,3102.291499999999,3592.167399999998,2697.6190599999995,2548.8771,3540.3630000000016,3900.9148699999996,2782.961499999999,3679.3933799999977,2470.047865,2757.0912849999995,2922.9919899999986,3572.9219650000005,2858.690919999999,3852.567799999999,4045.326994999997,3840.836049999998,3770.47594,2136.8084000000003,2724.525400000001,
manufacturer_inst_mdp__09,5,5,3527099,1351.238570346667,75,1800.4106831999995,L_C_SOGBOFA=/127.0.0.1;L_C_SOGBOFA=/127.0.0.1;L_C_SOGBOFA=/127.0.0.1;L_C_SOGBOFA=/127.0.0.1;L_C_SOGBOFA=/127.0.0.1;,4050.8939639999985,1065.158569157728,1134562.7774501385,866.63102,1089.9544,3035.5340079999996,2376.5973480000007,762.7081000000003,2604.4453119999994,1224.6707000000001,1395.9073799999999,1267.9915999999998,3139.1993479999996,1395.6592,1108.5316000000007,560.4450639999997,2387.567604,1240.3332,3066.4844,1187.1707000000004,2965.4959640000015,1974.6668000000006,3009.138163999999,2690.7531240000003,1326.1178560000005,1170.4843999999998,4009.5896559999983,1572.5433000000007,3411.109147999999,1143.8289,3316.869543999999,1792.6007080000006,-209.0284839999997,1956.8207000000002,412.0603960000009,3997.7133959999987,1524.6514800000004,3084.690412,1577.4812880000006,3274.6199039999997,638.5483520000001,-385.42105199999975,2977.70506,2949.6699599999997,2080.401032000001,230.4973240000004,1340.1643,1544.8850440000006,1776.7543720000008,2702.4651079999994,2586.784204,99.82619600000027,1147.6467,1267.2636960000007,830.4738320000005,2191.6544160000008,1143.6392400000007,1443.8333000000007,4050.8939639999985,2699.9777879999992,547.8297600000002,1508.777644,3211.245696000001,944.7737,1813.4814000000001,2076.805348000001,1055.2438200000004,1305.8382000000001,1666.359,940.0022,373.39485999999977,-393.7549999999998,2589.511967999999,2432.9301519999995,3452.5263039999995,1169.8242,1157.5800240000005,3148.7314879999994,
manufacturer_inst_mdp__11,5,5,3623803,1381.4191287741933,31,-29.93548387096774,L_C_SOGBOFA=/127.0.0.1;L_C_SOGBOFA=/127.0.0.1;L_C_SOGBOFA=/127.0.0.1;L_C_SOGBOFA=/127.0.0.1;L_C_SOGBOFA=/127.0.0.1;,0.0,88.80349291440132,7886.060353798126,-24.0,-21.0,-22.0,-22.0,-22.0,-22.0,-22.0,-22.0,-21.0,-22.0,-21.0,-21.0,-22.0,-21.0,-21.0,-22.0,-24.0,-22.0,-21.0,-513.0,0.0,0.0,0.0,0.0,0.0,0.0,0.0,0.0,0.0,0.0,0.0,
